-- phpMyAdmin SQL Dump
-- version 5.1.0
-- https://www.phpmyadmin.net/
--
-- Host: 127.0.0.1:3306
-- Generation Time: Apr 09, 2025 at 06:51 PM
-- Server version: 8.0.24
-- PHP Version: 8.0.8

SET SQL_MODE = "NO_AUTO_VALUE_ON_ZERO";
START TRANSACTION;
SET time_zone = "+00:00";


/*!40101 SET @OLD_CHARACTER_SET_CLIENT=@@CHARACTER_SET_CLIENT */;
/*!40101 SET @OLD_CHARACTER_SET_RESULTS=@@CHARACTER_SET_RESULTS */;
/*!40101 SET @OLD_COLLATION_CONNECTION=@@COLLATION_CONNECTION */;
/*!40101 SET NAMES utf8mb4 */;

--
-- Database: `vognegasnik`
--

-- --------------------------------------------------------

--
-- Table structure for table `articles`
--

CREATE TABLE `articles` (
  `id` int NOT NULL,
  `title` varchar(255) NOT NULL,
  `text` longtext NOT NULL,
  `date` datetime NOT NULL DEFAULT CURRENT_TIMESTAMP,
  `category_id` int NOT NULL
) ENGINE=InnoDB DEFAULT CHARSET=utf8mb4 COLLATE=utf8mb4_0900_ai_ci;

--
-- Dumping data for table `articles`
--

INSERT INTO `articles` (`id`, `title`, `text`, `date`, `category_id`) VALUES
(1, 'Використання вогнегасників', 'Згідно з правилами експлуатації та типових норм належності вогнегасників будинки та приміщення різного призначення мають бути оснащені переносними або пересувними вогнегасниками.\r\n\r\n<strong>Вогнегасники</strong> – пристрої призначені для гасіння пожеж на їх початкових стадіях. Найбільш розповсюдженими, через свою універсальність, є вуглекислотні та порошкові вогнегасники.\r\n\r\nВуглекислотні вогнегасники заповнені зрідженим діоксидом вуглецю, ними можна гасити практично будь-які поверхні на невеликій площі.\r\n\r\nПорошкові вогнегасники використовуються для гасіння раптових спалахів рідких, газоподібних та твердих речовин.\r\n\r\n<strong>Порядок використання вогнегасника</strong>\r\n<ul>\r\n<li>Зірвати пломбу</li>\r\n<li>Висмикнути чеку</li>\r\n<li>Стати до осередку займання з навітряної сторони</li>\r\n<li>Розтруб або шланг вогнегасника направити в осередок пожежі на відстані не менше 1,5 м</li>\r\n<li>Натиснути на важіль (відкрити вентиль) і приступити до гасіння</li>\r\n</ul>\r\n<strong>Важливо:</strong>\r\nНе можна триматися за розтруб вуглекислотного вогнегасника голими руками, оскільки суміш при виході охолоджується до -70, тому приступаючи до гасіння обов’язково одягніть цупкі рукавиці.\r\nНе варто гасити вуглекислотним вогнегасником одяг, що зайнявся на людині, оскільки вогнегасна речовина призводить до обморожень оголених ділянок шкіри.\r\nПід час гасіння вогнегасником електропроводки та електроприймачів напруга має бути не більше 1000 В.\r\nПісля вдалого гасіння пожежі, потрібно провітрити приміщення, щоб підвищена концентрація вуглекислоти не призвела до непритомності.\r\nНе слід вдихати повітря і під час безпосереднього користування вогнегасником – краще затримати дихання на кілька хвилин.\r\n\r\n\r\nШановні громадяни, пам’ятайте: своєчасне використання вогнегасника допоможе Вам не допустити розповсюдження полум’я, мінімізувавши при цьому матеріальні збитки та зберігши здоров’я, а можливо і життя людей.  ', '2025-03-15 19:09:22', 1),
(2, 'Час експлуатації вогнегасників', '<strong>Термін придатності:</strong> \r\nВиробник вказує термін придатності в інструкції або на етикетці. Зазвичай він становить <strong>від 3 до 10 років</strong> залежно від типу та моделі вогнегасника. \r\n\r\n<strong>Маркування:</strong> \r\nПеревірте наявність маркування про проходження регулярних перевірок та технічного обслуговування.', '2025-03-15 19:08:12', 1),
(3, 'Ефективність пожежних шаф', 'Пожежні шафи відіграють критичну роль у системі пожежної безпеки, забезпечуючи швидкий та легкий доступ до необхідного обладнання та матеріалів у випадку виникнення пожежі. Вони є елементом попередження пожежі та першої лінії оборони в разі небезпеки. Ось деякі ключові аспекти їх ролі:\r\n\r\n1. Зберігання пожежного обладнання: Пожежні шафи призначені для зберігання основних засобів для гасіння пожежі, таких як вогнегасники, покривки для гасіння, димові маски та інше обладнання. Розташовані на видних місцях у будинках та офісах, вони забезпечують можливість швидкого реагування на пожежну небезпеку.\r\n\r\n2.Ефективний доступ: Пожежні шафи дозволяють зберігати пожежне обладнання в організованому та легкодоступному стані. Їх розміщення в стратегічних місцях у будівлі забезпечує можливість оперативного використання обладнання без зайвих затримок.\r\n\r\n3. Захист від пошкоджень та втрат: Пожежні шафи допомагають захистити пожежне обладнання від пошкоджень та втрат. Вони часто виготовлені з міцних матеріалів, які стійкі до вогню та корозії, що забезпечує довговічність обладнання.\r\n\r\n4.Організація простору: Шафи дозволяють організувати простір у будинках та офісах, забезпечуючи безпечне та зручне зберігання пожежного обладнання. Це дозволяє уникнути плутанини та покращує загальний порядок у приміщенні.\r\n\r\n5. Захист від несанкціонованого доступу: Багато пожежних шаф оснащені механізмами блокування або кодовими замками, що захищає їх вміст від несанкціонованого доступу. Це важливо для збереження безпеки обладнання та уникнення його недозволеного використання.', '2025-03-15 19:25:40', 2),
(4, 'Важливо про Пожежні щити і стенди', '<h3>Зберігання обладнання та матеріалів</h3>\r\nЗберігання обладнання та матеріалів у пожежних шафах є критично важливим аспектом пожежної безпеки. Ось деякі ключові аспекти цього процесу:\r\n1. Організоване зберігання: Пожежні шафи надають можливість організованого зберігання пожежного обладнання та матеріалів. Вони зазвичай мають різні внутрішні секції, полиці або гачки для розміщення вогнегасників, покривок для гасіння, рятувальних кілець та іншого необхідного обладнання.\r\n2. Збереження в оптимальному стані: Правильне зберігання обладнання та матеріалів у пожежних шафах допомагає зберегти їх у відповідному стані для подолання пожежі. Наприклад, вогнегасники повинні бути зберігаються вертикально для запобігання ущільненню порошку, що може заважати їхньому коректному функціонуванню.\r\n3. Швидкий доступ у разі екстрених ситуацій: Однією з переваг пожежних шаф є можливість швидкого доступу до обладнання та матеріалів у випадку пожежної небезпеки. Це дозволяє працівникам, мешканцям або будь-якій особі в будинку або офісі оперативно реагувати на пожежну ситуацію та використовувати доступні засоби тушіння пожежі.\r\n4. Оптимізація простору: Пожежні шафи допомагають оптимізувати використання простору в будинках та офісах, забезпечуючи ефективне зберігання обладнання без необхідності використання додаткових меблів чи конструкцій.\r\n5. Захист від пошкоджень та зносу: Зберігання обладнання та матеріалів у пожежних шафах допомагає захистити їх від зносу та пошкоджень, таких як корозія чи волога. Це особливо важливо для обладнання, яке може втратити ефективність в разі некоректного зберігання.\r\n\r\n<h3>Захист від впливу зовнішніх факторів</h3>\r\nЗахист від впливу зовнішніх факторів є ще одним важливим аспектом пожежних шаф, який грає ключову роль у збереженні обладнання та матеріалів у надійному стані. Ось деякі важливі моменти, пов\'язані з цим аспектом:\r\n\r\n1. Стійкість до вогню: Більшість пожежних шаф виготовляються з вогнестійких матеріалів, таких як метал або спеціальні вогнестійкі пластмаси. Це дозволяє їм залишатися стійкими до впливу високих температур у випадку пожежі, забезпечуючи безпечне зберігання обладнання в середовищі вогню.\r\n2. Стійкість до корозії та вологи: Деякі пожежні шафи мають спеціальне покриття або конструкцію, що захищає їх від корозії та вологи. Це особливо важливо для шаф, розміщених у зовнішніх умовах або у вологих приміщеннях, де ризик пошкодження матеріалів від корозії є великим.\r\n3. Ущільненість та герметичність: Багато пожежних шаф мають ущільнені двері або кришки, що допомагають утримувати внутрішній вміст від проникнення води або інших зовнішніх факторів. Це забезпечує додатковий захист обладнання та матеріалів від впливу погодних умов.\r\n4. Стійкість до механічних пошкоджень: Деякі пожежні шафи мають підсилену конструкцію, яка забезпечує захист обладнання від механічних пошкоджень. Це особливо важливо для шаф, розташованих у місцях з великим ризиком пошкодження від вандалізму або неправильного використання.\r\n5. Захист від ультрафіолетового випромінювання: Деякі пожежні шафи мають спеціальне покриття, що захищає їхню поверхню від ультрафіолетового випромінювання. Це допомагає запобігти вигоранню або пошкодженню зовнішнього вигляду шафи та забезпечити її тривалий термін служби.\r\n\r\n\r\n', '2025-03-15 19:29:40', 2),
(5, 'Використання пожежного інвентаря', 'Пожежний інвентар є невід\'ємною частиною системи пожежної безпеки будь-якого об\'єкту. Він включає різноманітне обладнання, яке використовується для запобігання, виявлення та гасіння пожеж. У цій статті ми розглянемо, що таке пожежний інвентар, його основні види та значення. Також обговоримо переваги покупки такого обладнання на сайті firecontrol.com.ua.\r\n\r\n<h3>Що таке пожежний інвентар</h3>\r\n<strong>Пожежний інвентар</strong> - це сукупність засобів та обладнання, призначених для запобігання виникненню пожеж, швидкого реагування на пожежі та їх ліквідації. До пожежного інвентарю входять вогнегасники, пожежні шафи, рукава, гідранти, сигналізація та багато інших засобів.\r\n\r\n<h3>Основні види пожежного інвентарю</h3>\r\n<h4>Вогнегасники</h4>\r\nВогнегасники є найпоширенішим засобом пожежогасіння. Вони бувають різних типів:\r\n1. Порошкові вогнегасники: Використовуються для гасіння пожеж класів A, B, C.\r\n2. Вуглекислотні вогнегасники: Ефективні для гасіння пожеж класів B та E.\r\n3. Пінні вогнегасники: Застосовуються для гасіння пожеж класів A та B.\r\n4. Водяні вогнегасники: Призначені для гасіння пожеж класу A.\r\n\r\n<h4>Пожежні шафи</h4>\r\nПожежні шафи використовуються для зберігання пожежного обладнання та забезпечення швидкого доступу до нього в разі необхідності. Вони можуть містити вогнегасники, пожежні рукави, крани, ключі тощо.\r\n\r\n<h4>Пожежні рукави</h4>\r\nПожежні рукави використовуються для подачі води або іншого гасильного агента до місця пожежі. Вони бувають різних діаметрів та довжин, залежно від потреб об\'єкту.\r\n\r\n<h4>Пожежні гідранти</h4>\r\nПожежні гідранти забезпечують доступ до джерела водопостачання для гасіння пожежі. Вони встановлюються як всередині, так і зовні будівель і можуть бути підземними або наземними.\r\n\r\n<h4>Пожежна сигналізація</h4>\r\nПожежна сигналізація включає системи виявлення диму та вогню, які негайно сповіщають про виникнення пожежі. Це допомагає швидко реагувати на надзвичайну ситуацію і вживати необхідних заходів для її ліквідації.\r\n\r\n<h3>Основні елементи пожежного інвентарю</h3>\r\n<h4>Засоби індивідуального захисту</h4>\r\n1. Протигази: Захищають органи дихання від диму та токсичних речовин.\r\n2. Захисний одяг: Спеціальний одяг, який захищає від високих температур та механічних пошкоджень.\r\n3. Рукавиці та взуття: Захищають руки та ноги від опіків та механічних пошкоджень.\r\n\r\n<h4>Додаткове обладнання</h4>\r\n1. Лопати, сокири, ломики: Використовуються для ліквідації перешкод, створення проходів та доступу до джерел пожежі.\r\n2. Світлові маяки та сирени: Використовуються для сповіщення та координації дій під час пожежі.\r\n\r\n<h3>Переваги регулярного обслуговування пожежного інвентарю</h3>\r\nРегулярне обслуговування та перевірка пожежного інвентарю є критично важливими для забезпечення його надійної роботи в разі надзвичайної ситуації. Основні переваги включають:\r\n1. Забезпечення готовності: Регулярні перевірки гарантують, що все обладнання знаходиться в робочому стані.\r\n2. Збільшення терміну служби: Своєчасне обслуговування та ремонт продовжують термін служби обладнання.\r\n3. Відповідність нормативним вимогам: Регулярні перевірки допомагають відповідати вимогам пожежної безпеки.\r\n\r\n<h3>Переваги покупки пожежного інвентарю на vognegasnik.com</h3> \r\n<h4>Придбання пожежного інвентарю на сайті vognegasnik.com надає низку переваг:</h4> \r\n1. Гарантія якості: Вся продукція сертифікована та відповідає високим стандартам безпеки.\r\n2. Широкий асортимент: Великий вибір вогнегасників, пожежних шаф, рукавів та іншого обладнання для різних потреб.\r\n3. Професійна консультація: Експерти сайту допоможуть обрати оптимальне обладнання для вашого об\'єкту.\r\n4. Зручна доставка: Швидка та надійна доставка по всій території України.\r\n\r\n<h4>Переваги покупки на vognegasnik.com</h4>\r\n1. Сертифікована продукція: Всі товари мають відповідні сертифікати якості та безпеки.\r\n2. Професійна підтримка: Експерти завжди готові надати консультацію та допомогти з вибором відповідного обладнання.\r\n3. Гарантія та сервіс: На всі товари надається гарантія, а також можливість обслуговування та технічної підтримки.\r\n\r\n<h3>Рекомендації щодо вибору пожежного інвентарю</h3>\r\n<h4>Оцінка ризиків</h4>\r\n1. Аналіз потенційних загроз: Визначте основні ризики для вашого об\'єкту (наприклад, легкозаймисті матеріали, електрообладнання).\r\n2. Оцінка місця розташування: Враховуйте особливості будівлі та її планування.\r\n\r\n<h4>Вибір відповідного обладнання</h4>\r\n1. Вогнегасники: Оберіть вогнегасники, які відповідають типу пожеж, які можуть виникнути на вашому об\'єкті.\r\n2. Пожежні шафи та рукави: Забезпечте достатню кількість пожежних шаф та рукавів для покриття всієї території об\'єкту.\r\n3. Сигналізація та датчики: Встановіть систему пожежної сигналізації для своєчасного виявлення пожежі.\r\n\r\n<h4>Регулярне обслуговування та навчання</h4>\r\n1. Періодичні перевірки: Регулярно перевіряйте стан пожежного інвентарю.\r\n2.Навчання персоналу: Проведіть навчання співробітників щодо використання пожежного обладнання.\r\n\r\n<h4>Висновок</h4>\r\nПожежний інвентар є ключовим елементом системи пожежної безпеки, який допомагає запобігати виникненню пожеж та ефективно їх гасити. Правильний вибір, регулярне обслуговування та своєчасне оновлення обладнання забезпечують високий рівень безпеки на будь-якому об\'єкті. Придбати якісний пожежний інвентар ви можете на сайті firecontrol.com.ua, де вам нададуть професійну консультацію та забезпечать швидку доставку. Забезпечте безпеку свого об\'єкту вже сьогодні!\r\n\r\n', '2025-03-15 19:40:51', 3);

-- --------------------------------------------------------

--
-- Table structure for table `article_categories`
--

CREATE TABLE `article_categories` (
  `id` int NOT NULL,
  `name` varchar(255) NOT NULL
) ENGINE=InnoDB DEFAULT CHARSET=utf8mb4 COLLATE=utf8mb4_0900_ai_ci;

--
-- Dumping data for table `article_categories`
--

INSERT INTO `article_categories` (`id`, `name`) VALUES
(1, 'Про Вогнегасники'),
(2, 'Про Пожежні щити'),
(3, 'Про пожежний інвентар');

-- --------------------------------------------------------

--
-- Table structure for table `comments`
--

CREATE TABLE `comments` (
  `id` int NOT NULL,
  `userid` int NOT NULL,
  `text` varchar(255) NOT NULL,
  `date` datetime NOT NULL DEFAULT CURRENT_TIMESTAMP
) ENGINE=InnoDB DEFAULT CHARSET=utf8mb4 COLLATE=utf8mb4_0900_ai_ci;

--
-- Dumping data for table `comments`
--

INSERT INTO `comments` (`id`, `userid`, `text`, `date`) VALUES
(1, 1, 'Це тестовий коментар для перевірки сервісу Comment!', '2025-03-10 14:27:22');

-- --------------------------------------------------------

--
-- Table structure for table `orders`
--

CREATE TABLE `orders` (
  `id` int NOT NULL,
  `user_id` int NOT NULL,
  `product_id` int NOT NULL,
  `name` varchar(255) NOT NULL,
  `phone` varchar(20) DEFAULT NULL,
  `city` varchar(55) NOT NULL,
  `post_office` varchar(10) NOT NULL,
  `post_id` varchar(50) NOT NULL,
  `date` datetime NOT NULL DEFAULT CURRENT_TIMESTAMP,
  `status` int NOT NULL
) ENGINE=InnoDB DEFAULT CHARSET=utf8mb4 COLLATE=utf8mb4_0900_ai_ci;

--
-- Dumping data for table `orders`
--

INSERT INTO `orders` (`id`, `user_id`, `product_id`, `name`, `phone`, `city`, `post_office`, `post_id`, `date`, `status`) VALUES
(1, 1, 1, 'Гоменюк Андрій Сергійович', '380664673196', 'Суми', 'nova_post', '13', '2025-03-27 14:41:41', 1),
(2, 2, 3, 'Андрієнко Вадим Ігорович', '380664673196', 'Суми', 'nova_post', '13', '2025-04-06 15:59:19', 1),
(3, 1, 3, 'Гоменюк Андрій Сергійович', '380664673196', 'Суми', 'nova_post', '6', '2025-04-03 12:58:54', 0);

-- --------------------------------------------------------

--
-- Table structure for table `products`
--

CREATE TABLE `products` (
  `id` int NOT NULL,
  `name` varchar(50) NOT NULL,
  `image` varchar(255) NOT NULL,
  `description` varchar(200) NOT NULL,
  `price` int NOT NULL,
  `category_id` int NOT NULL
) ENGINE=InnoDB DEFAULT CHARSET=utf8mb4 COLLATE=utf8mb4_0900_ai_ci;

--
-- Dumping data for table `products`
--

INSERT INTO `products` (`id`, `name`, `image`, `description`, `price`, `category_id`) VALUES
(1, 'Вогнегасник порошковий ВП-2', 'OP-2.jpeg', 'Вогнегасник порошковий з масою заряду 2-кг, призначений для гасіння гасіння класів: А, В,С, а також для гасіння загорянь електрообладнання.', 400, 1),
(2, 'Вогнегасник порошковий ВП-9', 'OP-9.webp', 'Місткість корпусу: 11 ± 0,4 л\r\nМаса вогнегасної речовини: 9 ± 0,8 кг\r\nВогнегасна здатність за класом В-144В; класу А-4А\r\nПризначений термін служби: 10 років', 900, 1),
(3, 'Вогнегасник порошковий ВП-50', 'OP-50.webp', 'Вогнетушитель порошковий ВП-50 – перехідний засіб постачання пожеж, що дозволяє в кризовій ситуації швидко впоратися з невеликими очагами відгорання.', 7200, 1),
(4, 'Кран-комплект HW-25-52 WKV вбудований', 'hw-25.webp', 'Кран комплект HW-25-52WKV – це основний засіб ручного пожежогасіння, що встановлюється у громадських та адміністративних приміщеннях.', 14500, 2),
(5, 'Кран-комплект HW-25-52WKV-2', 'hw-25-52wkv2.webp', 'Пожежний кран-комплект HW-25-52WKV-2 є обов\'язковою частиною пожежного обладнання та входить до системи пожежогасіння у громадських будівлях та спорудах.', 18787, 2),
(6, 'Кран пожежний латунний ДУ-50', '1742053287_ventil-pozharniy.webp', 'Клапан Ду50 – частина пожежного крана, призначений для здійснення подачі води з водопровідної системи внутрішнього або зовнішнього водопроводу за допомогою пожежних рукавів,', 900, 2),
(7, 'Бочка пожежна для води 200л', '1742053659_shchity-i-stendy.jpeg', 'Пожежні бочки металеві, об\'ємом понад 200 літрів використовуються для зберігання води (технічної) на випадок виникнення пожежі, гасіння якої буде здійснюватися за допомогою мотопомп та інших насосних', 2640, 3),
(8, 'Багор пожежний', '1742053933_bagor.jpeg', 'Для гасіння пожежі і подальшого усунення його наслідків використовується велика кількість всіляких інструментів. Вони зберігаються на спеціальних відкритих щитах або закритих стендах, і завжди готові', 180, 3),
(9, 'Сокира пожежна з діелектричною ручкою', '1742054076_topor.jpg', 'Відкритий неконтрольований вогонь досить страшна стихія, тому для ефективної боротьби з нею вкрай важливо застосовувати найефективніші методи боротьби.', 220, 3);

-- --------------------------------------------------------

--
-- Table structure for table `product_categories`
--

CREATE TABLE `product_categories` (
  `id` int NOT NULL,
  `title` varchar(30) NOT NULL,
  `image` varchar(40) NOT NULL,
  `items` varchar(255) NOT NULL,
  `button_name` varchar(20) NOT NULL,
  `link` varchar(50) NOT NULL
) ENGINE=InnoDB DEFAULT CHARSET=utf8mb4 COLLATE=utf8mb4_0900_ai_ci;

--
-- Dumping data for table `product_categories`
--

INSERT INTO `product_categories` (`id`, `title`, `image`, `items`, `button_name`, `link`) VALUES
(1, 'Вогнегасники', '1.jpg', 'Вогнегасники порошкові, Вогнегасники вуглекислоті, Вогнегасники для автомобіля', 'Всі вогнегасники', 'fire_extinguishers'),
(2, 'Пожежні шафи', '2.jpg', 'Шафи пожежні, Пожежний інвентар, Пожежні щити і стенди', 'Всі шафи', 'fire_cabinet'),
(3, 'Пожежний інвентар', '2.jpg', 'Стволи пожежні, Рукава всмоктуючі, Рукава пожежні напірні', 'Ввесь інвентар', 'inventory');

-- --------------------------------------------------------

--
-- Table structure for table `users`
--

CREATE TABLE `users` (
  `id` int NOT NULL,
  `name` varchar(255) NOT NULL,
  `email` varchar(255) NOT NULL,
  `password` varchar(255) NOT NULL,
  `status` int NOT NULL
) ENGINE=InnoDB DEFAULT CHARSET=utf8mb4 COLLATE=utf8mb4_0900_ai_ci;

--
-- Dumping data for table `users`
--

INSERT INTO `users` (`id`, `name`, `email`, `password`, `status`) VALUES
(1, 'Гоменюк Андрій Сергійович', 'admin@vognegasnik.click', '$2y$10$xkMDQ4C./4i552Wp.yjPVO1ieVfnbpE7dMCsOFamLWPZWPFzmnX.C', 1),
(2, 'Андрієнко Вадим Ігорович', '67@gmail.com', '$2y$10$yhYtNXj/OgLCKAv.9Cw3me7evQ.GvP/UQA63zJKGAIWkqverltbh6', 0);

--
-- Indexes for dumped tables
--

--
-- Indexes for table `articles`
--
ALTER TABLE `articles`
  ADD PRIMARY KEY (`id`),
  ADD KEY `articles_ibfk_1` (`category_id`);

--
-- Indexes for table `article_categories`
--
ALTER TABLE `article_categories`
  ADD PRIMARY KEY (`id`);

--
-- Indexes for table `comments`
--
ALTER TABLE `comments`
  ADD PRIMARY KEY (`id`),
  ADD KEY `userid` (`userid`);

--
-- Indexes for table `orders`
--
ALTER TABLE `orders`
  ADD PRIMARY KEY (`id`),
  ADD KEY `user_id` (`user_id`),
  ADD KEY `product_id` (`product_id`);

--
-- Indexes for table `products`
--
ALTER TABLE `products`
  ADD PRIMARY KEY (`id`),
  ADD KEY `category_id` (`category_id`);

--
-- Indexes for table `product_categories`
--
ALTER TABLE `product_categories`
  ADD PRIMARY KEY (`id`);

--
-- Indexes for table `users`
--
ALTER TABLE `users`
  ADD PRIMARY KEY (`id`),
  ADD UNIQUE KEY `email` (`email`);

--
-- AUTO_INCREMENT for dumped tables
--

--
-- AUTO_INCREMENT for table `articles`
--
ALTER TABLE `articles`
  MODIFY `id` int NOT NULL AUTO_INCREMENT, AUTO_INCREMENT=9;

--
-- AUTO_INCREMENT for table `article_categories`
--
ALTER TABLE `article_categories`
  MODIFY `id` int NOT NULL AUTO_INCREMENT, AUTO_INCREMENT=4;

--
-- AUTO_INCREMENT for table `comments`
--
ALTER TABLE `comments`
  MODIFY `id` int NOT NULL AUTO_INCREMENT, AUTO_INCREMENT=9;

--
-- AUTO_INCREMENT for table `orders`
--
ALTER TABLE `orders`
  MODIFY `id` int NOT NULL AUTO_INCREMENT, AUTO_INCREMENT=5;

--
-- AUTO_INCREMENT for table `products`
--
ALTER TABLE `products`
  MODIFY `id` int NOT NULL AUTO_INCREMENT, AUTO_INCREMENT=12;

--
-- AUTO_INCREMENT for table `product_categories`
--
ALTER TABLE `product_categories`
  MODIFY `id` int NOT NULL AUTO_INCREMENT, AUTO_INCREMENT=4;

--
-- AUTO_INCREMENT for table `users`
--
ALTER TABLE `users`
  MODIFY `id` int NOT NULL AUTO_INCREMENT, AUTO_INCREMENT=4;

--
-- Constraints for dumped tables
--

--
-- Constraints for table `articles`
--
ALTER TABLE `articles`
  ADD CONSTRAINT `articles_ibfk_1` FOREIGN KEY (`category_id`) REFERENCES `article_categories` (`id`) ON DELETE CASCADE ON UPDATE CASCADE;

--
-- Constraints for table `comments`
--
ALTER TABLE `comments`
  ADD CONSTRAINT `comments_ibfk_1` FOREIGN KEY (`userid`) REFERENCES `users` (`id`) ON DELETE CASCADE ON UPDATE CASCADE;

--
-- Constraints for table `orders`
--
ALTER TABLE `orders`
  ADD CONSTRAINT `orders_ibfk_1` FOREIGN KEY (`user_id`) REFERENCES `users` (`id`) ON DELETE CASCADE ON UPDATE CASCADE,
  ADD CONSTRAINT `orders_ibfk_2` FOREIGN KEY (`product_id`) REFERENCES `products` (`id`) ON DELETE CASCADE ON UPDATE CASCADE;

--
-- Constraints for table `products`
--
ALTER TABLE `products`
  ADD CONSTRAINT `products_ibfk_1` FOREIGN KEY (`category_id`) REFERENCES `product_categories` (`id`) ON DELETE CASCADE ON UPDATE CASCADE;
COMMIT;

/*!40101 SET CHARACTER_SET_CLIENT=@OLD_CHARACTER_SET_CLIENT */;
/*!40101 SET CHARACTER_SET_RESULTS=@OLD_CHARACTER_SET_RESULTS */;
/*!40101 SET COLLATION_CONNECTION=@OLD_COLLATION_CONNECTION */;
